Coordenadas;Frequência;%
38.71573,-9.1338549;29327;27,4
38.7222524,-9.1393366;13047;12,2
40.2033145,-8.4102573;7122;6,7
40.6405055,-8.6537539;5646;5,3
41.5441376,-8.4211639;3442;3,2
41.2383157,-8.620485;2005;1,9
41.1238759,-8.6117851;1341;1,3
38.7574292,-9.2587959;1204;1,1
38.6765238,-9.1651047;1129;1,1
41.4450093,-8.2992637;929;0,9
41.2052808,-8.2891305;873;0,8
37.0193548,-7.9304397;855;0,8
40.1147188,-8.2440038;830;0,8
41.5317419,-8.6178922;767;0,7
38.7123876,-9.3389678;742;0,7
41.1579438,-8.6291053;724;0,7
39.8197117,-7.4964662;689;0,6
38.758785,-9.2437861;667;0,6
41.1811059,-8.565452;664;0,6
40.6565861,-7.9124712;645;0,6
41.4122581,-8.5254159;641;0,6
38.5260437,-8.8909328;636;0,6
38.795369,-9.18518;614;0,6
37.1379187,-8.020216;597;0,6
41.6959024,-8.8390321;587;0,5
38.6608149,-9.0790724;528;0,5
40.2804158,-7.4922407;526;0,5
41.5454486,-8.426507;488;0,5
38.6597882,-9.2027757;415;0,4
38.6351836,-7.8558357;407;0,4
40.9005238,-8.4906716;394;0,4
38.6968607,-9.3146014;381;0,4
41.1927298,-8.4982736;375;0,4
41.1914703,-8.6133188;369;0,3
32.6669328,-16.9240554;353;0,3
40.5383482,-7.2661315;353;0,3
38.692914,-9.3553319;346;0,3
39.7522396,-8.8512326;345;0,3
41.9428454,-8.7408025;333;0,3
39.0917759,-9.2600341;310;0,3
40.150833,-8.851111;301;0,3
41.2093238,-8.5748488;284;0,3
38.9108437,-9.1345466;276;0,3
40.4148619,-7.707845;274;0,3
41.44253,-8.2917857;271;0,3
38.7009095,-9.2310182;270;0,3
41.2782034,-8.3734136;270;0,3
41.3803685,-8.7609294;264;0,2
38.6201484,-9.1345466;263;0,2
38.7147973,-9.2415821;238;0,2
41.0953745,-7.8123805;235;0,2
37.1639894,-8.3042485;229;0,2
40.602309,-8.672371;228;0,2
40.926794,-8.5483247;224;0,2
38.8123144,-9.3402312;222;0,2
41.3010351,-7.7422354;220;0,2
40.5754246,-8.4464368;203;0,2
38.7238227,-9.23699;201;0,2
41.2090826,-8.544636;191;0,2
40.1128075,-8.498689;187;0,2
40.3470015,-8.5933462;186;0,2
41.0991885,-8.544636;183;0,2
39.4023083,-9.1179465;174;0,2
40.2744134,-8.3910127;173;0,2
38.7658411,-9.3284683;168;0,2
38.6970565,-9.4222945;167;0,2
38.9816876,-8.8095801;163;0,2
39.363644,-9.3164013;162;0,2
41.0517695,-8.6435589;156;0,1
41.3517302,-8.7478619;155;0,1
38.569441,-8.9016937;149;0,1
41.0191312,-8.544636;139;0,1
41.2774793,-8.2837376;139;0,1
40.7787604,-7.3491442;128;0,1
38.8742482,-9.3993262;127;0,1
38.9022048,-9.0397427;127;0,1
40.4409572,-8.4354306;120;0,1
38.8028687,-9.3816589;119;0,1
39.3384417,-8.9427076;116;0,1
40.6894236,-8.4796655;115;0,1
41.2508575,-8.349917;114;0,1
39.8993771,-8.2801574;113;0,1
39.2967086,-7.4284755;111;0,1
41.3469246,-8.4822648;108;0,1
40.8429643,-8.3956168;102;0,1
41.1617715,-8.035514;102;0,1
38.5103709,-9.0302719;101;0,1
38.7329446,-9.2803169;101;0,1
39.2366618,-8.6860119;99;0,1
39.4611239,-8.478759;96;0,1
40.9580147,-8.6266922;94;0,1
38.9551563,-8.9889932;93;0,1
39.8501898,-8.9576571;93;0,1
37.13617,-8.5376926;91;0,1
38.7764367,-9.2642602;91;0,1
38.7331569,-9.4098825;89;0,1
39.2119256,-8.6912973;89;0,1
39.3604212,-9.1582014;89;0,1
40.6842392,-8.4632106;89;0,1
39.7503802,-8.9318059;80;0,1
40.657428,-8.0071173;80;0,1
41.1748416,-8.4677851;80;0,1
41.5784784,-8.2689012;80;0,1
41.2414685,-8.525647;78;0,1
41.4508217,-8.1728619;78;0,1
41.8061131,-6.756738;78;0,1
38.670973,-9.2323084;77;0,1
39.1618166,-8.7888254;76;0,1
41.1926449,-8.3885227;75;0,1
38.7973239,-9.3432155;73;0,1
40.3930591,-8.1502433;68;0,1
40.67024,-7.9075423;68;0,1
37.7240021,-8.7817552;65;0,1
40.8387294,-8.4769763;65;0,1
39.8956145,-8.8319754;63;0,1
39.924752,-7.2415895;63;0,1
39.0577004,-9.0140033;61;0,1
40.6408386,-8.6482594;61;0,1
38.7680374,-9.2987849;60;0,1
38.8103737,-9.0994599;59;0,1
41.1671568,-8.5295451;58;0,1
40.2704883,-8.28054;57;0,1
41.6139566,-8.4156809;57;0,1
38.7798301,-9.1027327;56;0,1
39.548667,-8.9796492;56;0,1
38.6635375,-27.2293969;54;0,1
39.763454,-8.8050539;54;0,1
41.4545501,-8.4542012;54;0,1
41.6473372,-8.450341;53;0,0
38.9443106,-9.3320856;51;0,0
40.3608614,-7.8622032;50;0,0
40.6256059,-8.5666077;50;0,0
41.1233052,-8.6461724;50;0,0
38.9835516,-9.0774591;49;0,0
39.6429619,-8.8639974;49;0,0
41.6918275,-8.8344101;49;0,0
37.123889,-8.6825;48;0,0
39.2699174,-9.1052924;48;0,0
41.3229648,-8.6215649;48;0,0
39.037529,-9.1814012;47;0,0
41.3652656,-8.2826871;47;0,0
38.696797,-9.2915896;46;0,0
41.2696357,-8.0826488;46;0,0
37.5117888,-8.0605013;45;0,0
38.0153039,-7.8627308;45;0,0
38.7260913,-9.3062823;45;0,0
39.234457,-9.2231387;45;0,0
39.478072,-8.5404429;45;0,0
41.8732082,-8.8378454;45;0,0
40.1327724,-8.3927541;44;0,0
41.111045,-8.5188618;44;0,0
38.7255241,-9.1331631;43;0,0
37.0876993,-8.0299451;42;0,0
39.6022749,-8.8165669;42;0,0
38.6266911,-9.0813549;41;0,0
38.6410676,-9.0975;41;0,0
38.6446232,-9.2333653;40;0,0
39.1932244,-9.2231387;40;0,0
39.4621054,-8.1986484;40;0,0
39.6169407,-8.6520361;39;0,0
38.8562328,-9.0709315;38;0,0
38.9273718,-9.009137;37;0,0
39.0062146,-9.1441444;37;0,0
41.212691,-8.4638476;37;0,0
41.2156589,-8.4168006;36;0,0
41.2259998,-8.3143192;35;0,0
40.530151,-8.5611142;33;0,0
37.0716141,-8.1020277;32;0,0
37.7428301,-25.6805868;30;0,0
38.0162314,-8.6956768;30;0,0
38.7524445,-9.2316244;30;0,0
40.4022206,-7.5383393;30;0,0
38.444217,-9.1014903;29;0,0
39.7495331,-8.807683;29;0,0
38.7790376,-7.4185328;28;0,0
40.592261,-8.5303856;25;0,0
41.4980892,-8.3246139;25;0,0
37.1335906,-7.6430019;24;0,0
41.267805,-8.6675364;24;0,0
41.4384406,-8.4137229;24;0,0
38.7012207,-8.927294;23;0,0
37.1889987,-8.4412078;22;0,0
38.9914868,-8.9631789;22;0,0
39.0436758,-9.0239444;22;0,0
41.8142451,-7.5142885;22;0,0
41.0813049,-7.4353728;21;0,0
32.6709737,-17.0332746;20;0,0
39.4780719,-8.3372252;20;0,0
40.2015081,-8.5053318;20;0,0
40.3784627,-8.4534853;20;0,0
40.7528385,-8.5709856;20;0,0
38.8393382,-9.3173746;19;0,0
40.4923318,-7.5936526;19;0,0
38.6759628,-8.4615547;18;0,0
38.831549,-9.1741095;18;0,0
41.735278,-7.4625;18;0,0
37.0260416,-7.8423509;17;0,0
38.9215842,-8.8817047;17;0,0
39.1630042,-8.539144;17;0,0
39.6564974,-8.5773408;17;0,0
41.3766361,-8.734351;17;0,0
37.1002405,-8.2595866;16;0,0
39.1375675,-8.8990273;16;0,0
41.0409444,-8.2714736;16;0,0
38.147037,-8.7291925;15;0,0
38.6879164,-9.3378114;15;0,0
39.2311814,-9.3284683;15;0,0
41.2278891,-8.621049;15;0,0
41.3010076,-8.4681126;15;0,0
41.3854401,-8.4516096;15;0,0
39.1150617,-9.3617587;14;0,0
37.152576,-7.8890523;12;0,0
38.6868701,-8.5995773;12;0,0
41.099648,-7.9902513;12;0,0
41.2865608,-8.338962;12;0,0
41.4853545,-7.1808711;12;0,0
38.8802788,-7.1636637;11;0,0
39.7011898,-8.7846243;11;0,0
40.9132954,-8.4943665;11;0,0
38.7400072,-7.4489531;10;0,0
39.5375181,-8.1612773;10;0,0
40.5564537,-8.1283942;10;0,0
40.8068092,-8.5666077;10;0,0
38.5348447,-28.6299812;9;0,0
39.9145267,-8.6490584;9;0,0
38.9292978,-9.228679;8;0,0
39.5901561,-8.8618216;8;0,0
40.548761,-8.7572321;8;0,0
41.1919001,-8.5411718;8;0,0
39.6582957,-8.8241243;7;0,0
39.7494186,-7.9233898;7;0,0
41.1872522,-8.434873;7;0,0
38.8411412,-9.1007634;6;0,0
39.0979879,-9.3173746;6;0,0
39.4061426,-8.9616885;6;0,0
39.6053819,-8.4043125;6;0,0
38.6527329,-8.9902047;5;0,0
38.7011324,-9.25006;5;0,0
39.4047966,-8.4880572;5;0,0
40.1772903,-8.8748765;5;0,0
41.124778,-8.6108234;5;0,0
37.5972313,-8.6366851;4;0,0
38.7913987,-9.1041157;4;0,0
40.5170645,-8.0802569;4;0,0
40.9321489,-8.245099;3;0,0
37.2410183,-8.0440131;2;0,0
38.7527854,-9.2973683;2;0,0
38.7553352,-9.22026;2;0,0
38.873507,-9.0488165;2;0,0
39.4904437,-8.3581344;2;0,0
40.1748245,-8.6826636;2;0,0
40.9817183,-7.6139233;2;0,0
41.2157809,-8.5885858;2;0,0
41.5199011,-7.793851;2;0,0
41.4850622,-7.9607378;1;0,0